{
"Mon": 0.031616645,
"Tue": 0.033887895,
"Wed": 0.008306356 ,
"Thu": -0.003456486 ,
"Fri": 0.021234390,
"Sat": -0.004049438 ,
"Sun": 0.012100634,
"Animal Complaints": -0.087147494,
"Accident Investigation": 0.157663431,
"Arrest": 0.089252413 ,
"Assaults": 0.026159034,
"Auto Thefts": -0.043101265 ,
"Bike": -0.116021305,
"Burglary": -0.010357059 ,
"Car Prowl": 0.012254868,
"Disturbances": 0.272679573 ,
"Drive By": 0.059674382,
"Failure To Register": -0.118519963 ,
"False Alarms": 0.014390996,
"Fraud Calls": -0.017115168 ,
"Harbor Calls": -0.036098709,
"Hazards": -0.092944909 ,
"Homicide": -0.064133178,
"Lewd Conduct": -0.137847476 ,
"Liquor Violations": 0.795104124,
"Mental Health": 0.043100756 ,
"Miscellaneous Misdemeanors": 0.321079558,
"Narcotics Complaints": 0.271259639 ,
"Nuisance And Mischief": 0.138776674,
"Other Property": 0.035212726 ,
"Other Vice": -0.149570389,
"Person Down/injury": -0.100031959 ,
"Persons Lost Found Missing": -0.042767849,
"Property Damage": -0.062738293 ,
"Property Missing Found": 0.043036486,
"Prostitution": 0.148871236 ,
"Prowler": -0.115174802,
"Reckless Burning": -0.106875232 ,
"Robbery": -0.057997657,
"Shoplifting": 1.609194492 ,
"Suspicious Circumstances": 0.260639167,
"Threats And Harassment": -0.040538443 ,
"Traffic Related Calls": 0.265691506,
"Trespass": 0.305160061 ,
"Vice Calls": -0.108686539,
"Weapons Calls": -0.104408348
}
