Name,Location
Police Headquarters,47.60417 -122.32916
North Precinct,47.70290 -122.33495
South Precinct,47.53650 -122.36203
East Precinct,47.61532 -122.31727
West Precinct,47.61662 -122.33650
